Subject,Volume,Marker,Method,x,y,z
Control_01,1,L-MFG,MC-MoCo,120.041,184.933,92.992
Control_01,1,L-MFG,MCFLIRT,121.001,185.953,93.086
Control_01,1,L-MFG,Pre-MoCo,120.008,185.274,92.848
Control_01,1,LR-SCCG,MC-MoCo,99.040,132.002,71.108
Control_01,1,LR-SCCG,MCFLIRT,98.944,131.918,70.902
Control_01,1,LR-SCCG,Pre-MoCo,98.890,131.567,70.633
Control_01,1,R-PCG,MC-MoCo,44.982,114.004,95.005
Control_01,1,R-PCG,MCFLIRT,46.031,113.990,93.890
Control_01,1,R-PCG,Pre-MoCo,45.382,114.240,95.153
Control_01,1,R-SFG,MC-MoCo,78.962,105.938,117.994
Control_01,1,R-SFG,MCFLIRT,79.008,106.018,117.923
Control_01,1,R-SFG,Pre-MoCo,79.913,105.971,116.948
Control_01,2,L-MFG,MC-MoCo,119.996,185.133,93.133
Control_01,2,L-MFG,MCFLIRT,120.961,186.056,93.920
Control_01,2,L-MFG,Pre-MoCo,120.008,185.743,93.299
Control_01,2,LR-SCCG,MC-MoCo,98.965,132.027,71.108
Control_01,2,LR-SCCG,MCFLIRT,99.787,131.210,70.902
Control_01,2,LR-SCCG,Pre-MoCo,99.192,131.849,70.633
Control_01,2,R-PCG,MC-MoCo,44.957,114.039,95.042
Control_01,2,R-PCG,MCFLIRT,46.031,113.186,93.995
Control_01,2,R-PCG,Pre-MoCo,45.382,113.786,94.142
Control_01,2,R-SFG,MC-MoCo,78.933,105.878,117.994
Control_01,2,R-SFG,MCFLIRT,79.008,106.018,118.512
Control_01,2,R-SFG,Pre-MoCo,79.014,105.969,116.948
Control_01,3,L-MFG,MC-MoCo,120.041,185.067,92.992
Control_01,3,L-MFG,MCFLIRT,120.961,185.523,93.752
Control_01,3,L-MFG,Pre-MoCo,120.008,185.421,92.398
Control_01,3,LR-SCCG,MC-MoCo,98.990,131.884,70.962
Control_01,3,LR-SCCG,MCFLIRT,99.483,131.884,70.902
Control_01,3,LR-SCCG,Pre-MoCo,99.454,131.624,70.633
Control_01,3,R-PCG,MC-MoCo,45.098,114.039,94.972
Control_01,3,R-PCG,MCFLIRT,46.031,113.501,93.088
Control_01,3,R-PCG,Pre-MoCo,45.382,114.443,93.890
Control_01,3,R-SFG,MC-MoCo,78.933,105.878,117.994
Control_01,3,R-SFG,MCFLIRT,79.008,106.018,119.023
Control_01,3,R-SFG,Pre-MoCo,79.219,105.966,117.997
Control_01,4,L-MFG,MC-MoCo,119.996,185.018,92.935
Control_01,4,L-MFG,MCFLIRT,120.855,185.282,93.086
Control_01,4,L-MFG,Pre-MoCo,119.999,184.932,92.937
Control_01,4,LR-SCCG,MC-MoCo,98.990,131.952,71.108
Control_01,4,LR-SCCG,MCFLIRT,98.944,131.991,69.974
Control_01,4,LR-SCCG,Pre-MoCo,99.256,131.624,70.633
Control_01,4,R-PCG,MC-MoCo,44.922,114.076,94.870
Control_01,4,R-PCG,MCFLIRT,46.031,113.990,93.323
Control_01,4,R-PCG,Pre-MoCo,44.633,114.443,93.991
Control_01,4,R-SFG,MC-MoCo,78.933,105.878,117.994
Control_01,4,R-SFG,MCFLIRT,79.279,106.002,117.545
Control_01,4,R-SFG,Pre-MoCo,79.015,105.945,117.042
Control_01,5,L-MFG,MC-MoCo,119.996,185.130,92.973
Control_01,5,L-MFG,MCFLIRT,120.165,185.868,93.086
Control_01,5,L-MFG,Pre-MoCo,120.914,185.550,93.943
Control_01,5,LR-SCCG,MC-MoCo,98.891,132.201,71.108
Control_01,5,LR-SCCG,MCFLIRT,98.944,131.008,70.902
Control_01,5,LR-SCCG,Pre-MoCo,99.567,131.511,70.633
Control_01,5,R-PCG,MC-MoCo,44.922,114.003,94.981
Control_01,5,R-PCG,MCFLIRT,46.031,113.462,93.108
Control_01,5,R-PCG,Pre-MoCo,45.857,113.937,94.092
Control_01,5,R-SFG,MC-MoCo,79.022,105.878,117.994
Control_01,5,R-SFG,MCFLIRT,79.685,106.002,118.372
Control_01,5,R-SFG,Pre-MoCo,79.015,105.574,118.492
Control_02,1,L-MFG,MC-MoCo,119.046,198.876,92.943
Control_02,1,L-MFG,MCFLIRT,123.929,197.054,99.121
Control_02,1,L-MFG,Pre-MoCo,122.972,196.996,100.029
Control_02,1,LR-SCCG,MC-MoCo,101.917,143.008,63.080
Control_02,1,LR-SCCG,MCFLIRT,102.108,143.080,62.909
Control_02,1,LR-SCCG,Pre-MoCo,102.063,142.983,63.080
Control_02,1,R-PCG,MC-MoCo,52.050,115.620,89.802
Control_02,1,R-PCG,MCFLIRT,51.916,115.949,88.952
Control_02,1,R-PCG,Pre-MoCo,51.494,115.889,89.488
Control_02,1,R-SFG,MC-MoCo,121.933,131.919,119.872
Control_02,1,R-SFG,MCFLIRT,121.955,130.958,119.092
Control_02,1,R-SFG,Pre-MoCo,120.988,131.012,119.022
Control_02,2,L-MFG,MC-MoCo,119.046,198.457,93.037
Control_02,2,L-MFG,MCFLIRT,123.929,195.590,98.070
Control_02,2,L-MFG,Pre-MoCo,122.911,195.952,98.028
Control_02,2,LR-SCCG,MC-MoCo,102.157,142.974,63.080
Control_02,2,LR-SCCG,MCFLIRT,102.531,143.080,63.569
Control_02,2,LR-SCCG,Pre-MoCo,103.200,143.048,63.063
Control_02,2,R-PCG,MC-MoCo,52.000,115.571,89.802
Control_02,2,R-PCG,MCFLIRT,51.916,116.071,89.226
Control_02,2,R-PCG,Pre-MoCo,52.284,115.889,89.488
Control_02,2,R-SFG,MC-MoCo,121.976,131.869,119.872
Control_02,2,R-SFG,MCFLIRT,121.955,131.323,119.914
Control_02,2,R-SFG,Pre-MoCo,121.988,131.964,120.050
Control_02,3,L-MFG,MC-MoCo,119.258,198.457,93.418
Control_02,3,L-MFG,MCFLIRT,123.929,194.866,98.650
Control_02,3,L-MFG,Pre-MoCo,122.911,195.952,97.060
Control_02,3,LR-SCCG,MC-MoCo,102.020,142.940,63.080
Control_02,3,LR-SCCG,MCFLIRT,102.472,143.080,63.081
Control_02,3,LR-SCCG,Pre-MoCo,103.200,143.475,63.848
Control_02,3,R-PCG,MC-MoCo,51.851,115.571,89.802
Control_02,3,R-PCG,MCFLIRT,51.916,115.797,89.226
Control_02,3,R-PCG,Pre-MoCo,52.101,116.026,90.016
Control_02,3,R-SFG,MC-MoCo,121.976,131.919,120.328
Control_02,3,R-SFG,MCFLIRT,121.955,131.689,120.887
Control_02,3,R-SFG,Pre-MoCo,121.910,130.953,120.050
Control_02,4,L-MFG,MC-MoCo,119.116,198.457,93.382
Control_02,4,L-MFG,MCFLIRT,123.480,195.590,97.808
Control_02,4,L-MFG,Pre-MoCo,123.224,194.973,97.490
Control_02,4,LR-SCCG,MC-MoCo,102.157,143.179,63.080
Control_02,4,LR-SCCG,MCFLIRT,102.472,143.568,63.633
Control_02,4,LR-SCCG,Pre-MoCo,103.200,143.584,63.312
Control_02,4,R-PCG,MC-MoCo,52.000,115.571,89.802
Control_02,4,R-PCG,MCFLIRT,51.916,115.523,89.470
Control_02,4,R-PCG,Pre-MoCo,51.019,116.956,89.094
Control_02,4,R-SFG,MC-MoCo,121.976,131.919,120.024
Control_02,4,R-SFG,MCFLIRT,122.082,130.958,120.092
Control_02,4,R-SFG,Pre-MoCo,121.910,131.013,119.059
Control_02,5,L-MFG,MC-MoCo,119.258,198.457,93.241
Control_02,5,L-MFG,MCFLIRT,124.093,194.975,97.926
Control_02,5,L-MFG,Pre-MoCo,123.224,195.363,97.944
Control_02,5,LR-SCCG,MC-MoCo,102.088,143.008,63.080
Control_02,5,LR-SCCG,MCFLIRT,102.043,143.919,63.633
Control_02,5,LR-SCCG,Pre-MoCo,103.200,143.475,62.954
Control_02,5,R-PCG,MC-MoCo,51.851,115.571,89.802
Control_02,5,R-PCG,MCFLIRT,51.916,115.767,89.561
Control_02,5,R-PCG,Pre-MoCo,51.444,116.178,89.404
Control_02,5,R-SFG,MC-MoCo,121.976,131.818,120.176
Control_02,5,R-SFG,MCFLIRT,122.532,130.958,121.033
Control_02,5,R-SFG,Pre-MoCo,121.949,130.953,122.033
Control_03,1,L-MFG,MC-MoCo,140.898,173.009,94.084
Control_03,1,L-MFG,MCFLIRT,140.935,173.800,93.968
Control_03,1,L-MFG,Pre-MoCo,140.815,173.905,94.460
Control_03,1,LR-SCCG,MC-MoCo,104.155,130.791,62.000
Control_03,1,LR-SCCG,MCFLIRT,103.939,130.837,62.013
Control_03,1,LR-SCCG,Pre-MoCo,103.873,130.978,62.952
Control_03,1,R-PCG,MC-MoCo,52.952,94.974,103.084
Control_03,1,R-PCG,MCFLIRT,53.578,95.619,103.039
Control_03,1,R-PCG,Pre-MoCo,53.434,95.088,102.569
Control_03,1,R-SFG,MC-MoCo,82.456,113.376,130.084
Control_03,1,R-SFG,MCFLIRT,81.887,113.985,130.000
Control_03,1,R-SFG,Pre-MoCo,81.971,113.993,129.477
Control_03,2,L-MFG,MC-MoCo,140.804,172.915,94.288
Control_03,2,L-MFG,MCFLIRT,140.872,172.952,93.968
Control_03,2,L-MFG,Pre-MoCo,140.815,172.903,93.959
Control_03,2,LR-SCCG,MC-MoCo,104.040,130.865,62.000
Control_03,2,LR-SCCG,MCFLIRT,104.004,129.884,61.984
Control_03,2,LR-SCCG,Pre-MoCo,103.873,129.991,61.901
Control_03,2,R-PCG,MC-MoCo,53.084,95.106,103.084
Control_03,2,R-PCG,MCFLIRT,52.916,94.957,103.039
Control_03,2,R-PCG,Pre-MoCo,52.957,95.088,102.925
Control_03,2,R-SFG,MC-MoCo,82.617,113.593,130.084
Control_03,2,R-SFG,MCFLIRT,82.963,113.985,129.999
Control_03,2,R-SFG,Pre-MoCo,81.971,113.492,129.477
Control_03,3,L-MFG,MC-MoCo,140.810,172.931,94.288
Control_03,3,L-MFG,MCFLIRT,141.245,172.952,94.225
Control_03,3,L-MFG,Pre-MoCo,140.815,172.986,94.669
Control_03,3,LR-SCCG,MC-MoCo,103.902,130.947,62.000
Control_03,3,LR-SCCG,MCFLIRT,104.004,130.433,61.984
Control_03,3,LR-SCCG,Pre-MoCo,103.873,130.950,61.901
Control_03,3,R-PCG,MC-MoCo,53.007,94.966,103.000
Control_03,3,R-PCG,MCFLIRT,53.490,95.178,103.039
Control_03,3,R-PCG,Pre-MoCo,52.957,95.088,102.390
Control_03,3,R-SFG,MC-MoCo,82.617,113.508,130.084
Control_03,3,R-SFG,MCFLIRT,82.939,113.284,129.999
Control_03,3,R-SFG,Pre-MoCo,82.472,113.492,129.477
Control_03,4,L-MFG,MC-MoCo,140.940,172.906,94.017
Control_03,4,L-MFG,MCFLIRT,140.430,172.447,94.225
Control_03,4,L-MFG,Pre-MoCo,140.395,172.969,94.455
Control_03,4,LR-SCCG,MC-MoCo,104.050,130.996,62.000
Control_03,4,LR-SCCG,MCFLIRT,104.004,130.417,61.451
Control_03,4,LR-SCCG,Pre-MoCo,103.873,130.344,62.406
Control_03,4,R-PCG,MC-MoCo,52.952,94.842,103.084
Control_03,4,R-PCG,MCFLIRT,52.872,95.222,103.039
Control_03,4,R-PCG,Pre-MoCo,53.577,95.576,102.856
Control_03,4,R-SFG,MC-MoCo,82.533,113.508,130.084
Control_03,4,R-SFG,MCFLIRT,82.126,113.284,129.789
Control_03,4,R-SFG,Pre-MoCo,82.472,114.015,129.500
Control_03,5,L-MFG,MC-MoCo,140.847,172.821,94.288
Control_03,5,L-MFG,MCFLIRT,140.514,172.657,94.225
Control_03,5,L-MFG,Pre-MoCo,139.922,171.983,94.001
Control_03,5,LR-SCCG,MC-MoCo,103.878,130.947,62.000
Control_03,5,LR-SCCG,MCFLIRT,104.004,130.317,62.157
Control_03,5,LR-SCCG,Pre-MoCo,103.873,130.344,61.750
Control_03,5,R-PCG,MC-MoCo,53.177,94.796,103.000
Control_03,5,R-PCG,MCFLIRT,53.190,94.830,102.419
Control_03,5,R-PCG,Pre-MoCo,53.577,94.944,102.895
Control_03,5,R-SFG,MC-MoCo,82.661,113.456,130.000
Control_03,5,R-SFG,MCFLIRT,82.126,112.800,129.039
Control_03,5,R-SFG,Pre-MoCo,82.472,112.963,129.813
Control_04,1,L-MFG,MC-MoCo,129.071,185.984,93.002
Control_04,1,L-MFG,MCFLIRT,129.876,186.962,93.966
Control_04,1,L-MFG,Pre-MoCo,128.851,185.923,92.977
Control_04,1,LR-SCCG,MC-MoCo,101.934,136.048,68.060
Control_04,1,LR-SCCG,MCFLIRT,102.070,135.994,67.993
Control_04,1,LR-SCCG,Pre-MoCo,101.047,135.882,68.110
Control_04,1,R-PCG,MC-MoCo,37.979,123.045,89.998
Control_04,1,R-PCG,MCFLIRT,37.993,123.000,90.892
Control_04,1,R-PCG,Pre-MoCo,38.067,123.003,90.021
Control_04,1,R-SFG,MC-MoCo,117.064,146.038,126.931
Control_04,1,R-SFG,MCFLIRT,115.990,146.037,126.013
Control_04,1,R-SFG,Pre-MoCo,116.952,145.982,126.967
Control_04,2,L-MFG,MC-MoCo,129.071,186.120,93.002
Control_04,2,L-MFG,MCFLIRT,129.876,186.927,93.071
Control_04,2,L-MFG,Pre-MoCo,128.851,186.482,93.079
Control_04,2,LR-SCCG,MC-MoCo,101.962,136.105,68.060
Control_04,2,LR-SCCG,MCFLIRT,102.070,135.533,67.446
Control_04,2,LR-SCCG,Pre-MoCo,101.608,135.838,68.110
Control_04,2,R-PCG,MC-MoCo,37.979,122.941,90.052
Control_04,2,R-PCG,MCFLIRT,37.993,123.000,90.007
Control_04,2,R-PCG,Pre-MoCo,38.591,123.003,90.018
Control_04,2,R-SFG,MC-MoCo,116.979,146.123,126.931
Control_04,2,R-SFG,MCFLIRT,116.013,146.037,126.868
Control_04,2,R-SFG,Pre-MoCo,116.518,146.286,126.967
Control_04,3,L-MFG,MC-MoCo,129.071,186.011,92.921
Control_04,3,L-MFG,MCFLIRT,129.033,186.059,93.071
Control_04,3,L-MFG,Pre-MoCo,128.851,186.024,93.943
Control_04,3,LR-SCCG,MC-MoCo,101.934,136.077,68.060
Control_04,3,LR-SCCG,MCFLIRT,101.407,135.674,67.475
Control_04,3,LR-SCCG,Pre-MoCo,101.169,135.559,68.544
Control_04,3,R-PCG,MC-MoCo,37.979,122.976,90.017
Control_04,3,R-PCG,MCFLIRT,37.993,123.212,90.397
Control_04,3,R-PCG,Pre-MoCo,38.501,123.411,90.551
Control_04,3,R-SFG,MC-MoCo,117.007,145.982,126.931
Control_04,3,R-SFG,MCFLIRT,117.004,146.037,126.987
Control_04,3,R-SFG,Pre-MoCo,117.170,145.504,126.967
Control_04,4,L-MFG,MC-MoCo,129.071,186.066,93.002
Control_04,4,L-MFG,MCFLIRT,129.033,185.964,93.966
Control_04,4,L-MFG,Pre-MoCo,129.735,186.024,93.981
Control_04,4,LR-SCCG,MC-MoCo,102.019,136.077,68.060
Control_04,4,LR-SCCG,MCFLIRT,101.064,135.994,67.475
Control_04,4,LR-SCCG,Pre-MoCo,101.169,136.018,68.544
Control_04,4,R-PCG,MC-MoCo,37.979,123.046,89.982
Control_04,4,R-PCG,MCFLIRT,38.404,123.183,90.397
Control_04,4,R-PCG,Pre-MoCo,38.501,123.411,91.163
Control_04,4,R-SFG,MC-MoCo,117.007,146.067,126.931
Control_04,4,R-SFG,MCFLIRT,117.004,145.908,126.113
Control_04,4,R-SFG,Pre-MoCo,116.859,145.504,126.309
Control_04,5,L-MFG,MC-MoCo,129.071,186.011,92.948
Control_04,5,L-MFG,MCFLIRT,129.764,186.228,93.966
Control_04,5,L-MFG,Pre-MoCo,129.694,186.330,94.502
Control_04,5,LR-SCCG,MC-MoCo,101.934,136.020,68.060
Control_04,5,LR-SCCG,MCFLIRT,101.933,136.108,67.475
Control_04,5,LR-SCCG,Pre-MoCo,102.472,135.942,67.893
Control_04,5,R-PCG,MC-MoCo,37.979,123.011,90.052
Control_04,5,R-PCG,MCFLIRT,38.404,123.780,90.397
Control_04,5,R-PCG,Pre-MoCo,38.501,122.880,91.367
Control_04,5,R-SFG,MC-MoCo,117.007,145.982,126.931
Control_04,5,R-SFG,MCFLIRT,117.004,144.940,126.069
Control_04,5,R-SFG,Pre-MoCo,116.272,145.504,126.074
Control_05,1,L-MFG,MC-MoCo,120.070,179.909,105.680
Control_05,1,L-MFG,MCFLIRT,119.933,180.049,105.068
Control_05,1,L-MFG,Pre-MoCo,116.956,179.968,105.999
Control_05,1,LR-SCCG,MC-MoCo,99.976,147.025,67.063
Control_05,1,LR-SCCG,MCFLIRT,99.912,146.966,67.008
Control_05,1,LR-SCCG,Pre-MoCo,97.851,146.917,65.966
Control_05,1,R-PCG,MC-MoCo,46.019,109.963,96.858
Control_05,1,R-PCG,MCFLIRT,46.837,109.879,95.961
Control_05,1,R-PCG,Pre-MoCo,45.996,109.003,95.031
Control_05,1,R-SFG,MC-MoCo,127.008,123.962,123.639
Control_05,1,R-SFG,MCFLIRT,126.930,124.011,124.080
Control_05,1,R-SFG,Pre-MoCo,124.922,123.980,123.889
Control_05,2,L-MFG,MC-MoCo,119.983,179.950,105.680
Control_05,2,L-MFG,MCFLIRT,119.933,179.943,105.882
Control_05,2,L-MFG,Pre-MoCo,119.846,179.906,105.924
Control_05,2,LR-SCCG,MC-MoCo,99.976,146.990,67.063
Control_05,2,LR-SCCG,MCFLIRT,99.906,146.966,67.459
Control_05,2,LR-SCCG,Pre-MoCo,99.969,146.994,67.034
Control_05,2,R-PCG,MC-MoCo,46.019,109.999,96.858
Control_05,2,R-PCG,MCFLIRT,46.010,109.156,95.961
Control_05,2,R-PCG,Pre-MoCo,45.996,109.946,96.973
Control_05,2,R-SFG,MC-MoCo,126.872,123.962,123.255
Control_05,2,R-SFG,MCFLIRT,126.902,124.011,122.993
Control_05,2,R-SFG,Pre-MoCo,127.073,123.980,123.057
Control_05,3,L-MFG,MC-MoCo,119.958,179.980,105.711
Control_05,3,L-MFG,MCFLIRT,119.909,179.907,106.490
Control_05,3,L-MFG,Pre-MoCo,120.105,179.906,105.665
Control_05,3,LR-SCCG,MC-MoCo,99.976,147.025,67.063
Control_05,3,LR-SCCG,MCFLIRT,100.391,147.387,67.008
Control_05,3,LR-SCCG,Pre-MoCo,99.969,146.292,66.468
Control_05,3,R-PCG,MC-MoCo,46.019,110.035,96.858
Control_05,3,R-PCG,MCFLIRT,46.010,109.128,95.070
Control_05,3,R-PCG,Pre-MoCo,46.882,109.946,97.005
Control_05,3,R-SFG,MC-MoCo,126.831,123.962,123.172
Control_05,3,R-SFG,MCFLIRT,126.015,124.011,122.936
Control_05,3,R-SFG,Pre-MoCo,127.073,122.963,123.859
Control_05,4,L-MFG,MC-MoCo,119.958,179.980,105.680
Control_05,4,L-MFG,MCFLIRT,119.753,179.857,106.560
Control_05,4,L-MFG,Pre-MoCo,120.882,178.915,106.053
Control_05,4,LR-SCCG,MC-MoCo,99.976,147.025,67.275
Control_05,4,LR-SCCG,MCFLIRT,99.387,147.387,67.023
Control_05,4,LR-SCCG,Pre-MoCo,100.936,146.292,66.937
Control_05,4,R-PCG,MC-MoCo,46.128,109.927,96.858
Control_05,4,R-PCG,MCFLIRT,46.010,108.457,94.911
Control_05,4,R-PCG,Pre-MoCo,47.733,109.946,96.038
Control_05,4,R-SFG,MC-MoCo,126.954,123.962,123.337
Control_05,4,R-SFG,MCFLIRT,126.044,124.011,122.364
Control_05,4,R-SFG,Pre-MoCo,126.936,122.998,122.954
Control_05,5,L-MFG,MC-MoCo,119.958,179.980,105.741
Control_05,5,L-MFG,MCFLIRT,120.307,180.461,106.560
Control_05,5,L-MFG,Pre-MoCo,122.034,179.039,106.053
Control_05,5,LR-SCCG,MC-MoCo,99.976,147.203,67.275
Control_05,5,LR-SCCG,MCFLIRT,99.989,147.387,66.463
Control_05,5,LR-SCCG,Pre-MoCo,100.936,146.925,67.998
Control_05,5,R-PCG,MC-MoCo,45.946,109.963,96.858
Control_05,5,R-PCG,MCFLIRT,45.661,108.496,95.454
Control_05,5,R-PCG,Pre-MoCo,47.733,110.010,96.908
Control_05,5,R-SFG,MC-MoCo,126.913,123.962,123.296
Control_05,5,R-SFG,MCFLIRT,126.044,124.666,122.261
Control_05,5,R-SFG,Pre-MoCo,127.004,122.998,122.030
Control_05,6,R-SFG,MC-MoCo,126.913,124.102,123.358
Control_06,1,L-MFG,MC-MoCo,31.075,68.596,37.820
Control_06,1,L-MFG,MCFLIRT,30.903,67.842,37.598
Control_06,1,L-MFG,Pre-MoCo,30.505,68.085,37.180
Control_06,1,LR-SCCG,MC-MoCo,-2.987,37.521,-1.924
Control_06,1,LR-SCCG,MCFLIRT,-3.123,37.633,-1.624
Control_06,1,LR-SCCG,Pre-MoCo,-2.983,37.193,-2.471
Control_06,1,R-PCG,MC-MoCo,-50.953,17.747,28.479
Control_06,1,R-PCG,MCFLIRT,-51.766,18.108,28.120
Control_06,1,R-PCG,Pre-MoCo,-51.594,18.342,28.055
Control_06,1,R-SFG,MC-MoCo,-10.187,21.410,65.315
Control_06,1,R-SFG,MCFLIRT,-10.400,21.119,64.800
Control_06,1,R-SFG,Pre-MoCo,-10.108,21.119,64.829
Control_06,2,L-MFG,MC-MoCo,31.117,68.460,37.699
Control_06,2,L-MFG,MCFLIRT,30.544,68.059,37.376
Control_06,2,L-MFG,Pre-MoCo,30.151,67.940,36.979
Control_06,2,LR-SCCG,MC-MoCo,-2.533,37.696,-1.847
Control_06,2,LR-SCCG,MCFLIRT,-3.303,37.790,-1.972
Control_06,2,LR-SCCG,Pre-MoCo,-2.983,37.193,-2.834
Control_06,2,R-PCG,MC-MoCo,-50.953,17.747,28.479
Control_06,2,R-PCG,MCFLIRT,-51.766,18.108,28.234
Control_06,2,R-PCG,Pre-MoCo,-51.897,18.274,27.687
Control_06,2,R-SFG,MC-MoCo,-10.385,21.211,65.315
Control_06,2,R-SFG,MCFLIRT,-10.629,21.119,65.029
Control_06,2,R-SFG,Pre-MoCo,-10.316,21.317,64.787
Control_06,3,L-MFG,MC-MoCo,31.364,68.460,37.699
Control_06,3,L-MFG,MCFLIRT,30.839,67.973,37.374
Control_06,3,L-MFG,Pre-MoCo,30.238,68.085,36.950
Control_06,3,LR-SCCG,MC-MoCo,-2.858,37.367,-1.924
Control_06,3,LR-SCCG,MCFLIRT,-3.194,37.813,-1.705
Control_06,3,LR-SCCG,Pre-MoCo,-2.830,37.533,-2.021
Control_06,3,R-PCG,MC-MoCo,-50.953,17.972,28.591
Control_06,3,R-PCG,MCFLIRT,-51.459,17.864,28.237
Control_06,3,R-PCG,Pre-MoCo,-52.019,18.274,27.810
Control_06,3,R-SFG,MC-MoCo,-10.485,21.609,65.315
Control_06,3,R-SFG,MCFLIRT,-10.773,20.944,64.886
Control_06,3,R-SFG,Pre-MoCo,-10.668,21.119,64.829
Control_06,4,L-MFG,MC-MoCo,31.075,68.596,37.686
Control_06,4,L-MFG,MCFLIRT,30.544,67.699,37.376
Control_06,4,L-MFG,Pre-MoCo,30.238,68.085,36.833
Control_06,4,LR-SCCG,MC-MoCo,-2.893,37.016,-1.924
Control_06,4,LR-SCCG,MCFLIRT,-3.663,37.633,-1.624
Control_06,4,LR-SCCG,Pre-MoCo,-2.983,37.375,-2.471
Control_06,4,R-PCG,MC-MoCo,-50.794,17.712,28.244
Control_06,4,R-PCG,MCFLIRT,-52.223,18.108,28.234
Control_06,4,R-PCG,Pre-MoCo,-52.508,18.274,27.321
Control_06,4,R-SFG,MC-MoCo,-10.385,21.609,65.315
Control_06,4,R-SFG,MCFLIRT,-10.773,20.944,65.061
Control_06,4,R-SFG,Pre-MoCo,-11.200,20.968,63.829
Control_06,5,L-MFG,MC-MoCo,31.075,68.328,37.686
Control_06,5,L-MFG,MCFLIRT,30.229,67.168,37.598
Control_06,5,L-MFG,Pre-MoCo,29.505,68.502,36.346
Control_06,5,LR-SCCG,MC-MoCo,-2.942,37.273,-1.624
Control_06,5,LR-SCCG,MCFLIRT,-4.023,37.273,-1.624
Control_06,5,LR-SCCG,Pre-MoCo,-3.257,37.284,-2.021
Control_06,5,R-PCG,MC-MoCo,-50.953,17.972,28.479
Control_06,5,R-PCG,MCFLIRT,-52.337,18.108,27.777
Control_06,5,R-PCG,Pre-MoCo,-53.075,17.780,26.709
Control_06,5,R-SFG,MC-MoCo,-10.485,21.410,65.315
Control_06,5,R-SFG,MCFLIRT,-11.200,21.119,64.915
Control_06,5,R-SFG,Pre-MoCo,-11.202,21.274,64.829
MS_01,1,L-MFG,MC-MoCo,21.933,67.579,-6.729
MS_01,1,L-MFG,MCFLIRT,21.992,68.821,-6.452
MS_01,1,L-MFG,Pre-MoCo,22.375,69.105,-6.441
MS_01,1,LR-SCCG,MC-MoCo,0.761,24.394,-29.680
MS_01,1,LR-SCCG,MCFLIRT,0.410,25.035,-29.969
MS_01,1,LR-SCCG,Pre-MoCo,0.327,24.877,-29.551
MS_01,1,R-PCG,MC-MoCo,-26.994,20.267,-0.276
MS_01,1,R-PCG,MCFLIRT,-26.537,20.335,-0.168
MS_01,1,R-PCG,Pre-MoCo,-25.887,20.360,-0.727
MS_01,1,R-SFG,MC-MoCo,-16.643,0.872,23.162
MS_01,1,R-SFG,MCFLIRT,-16.853,0.959,22.593
MS_01,1,R-SFG,Pre-MoCo,-16.558,1.502,21.583
MS_01,2,L-MFG,MC-MoCo,21.779,67.579,-6.729
MS_01,2,L-MFG,MCFLIRT,21.935,68.269,-6.390
MS_01,2,L-MFG,Pre-MoCo,21.495,68.117,-6.574
MS_01,2,LR-SCCG,MC-MoCo,0.825,24.192,-29.594
MS_01,2,LR-SCCG,MCFLIRT,0.619,25.314,-29.969
MS_01,2,LR-SCCG,Pre-MoCo,0.327,24.612,-29.684
MS_01,2,R-PCG,MC-MoCo,-26.994,20.181,-0.534
MS_01,2,R-PCG,MCFLIRT,-26.537,19.997,-0.410
MS_01,2,R-PCG,Pre-MoCo,-26.296,20.258,-0.727
MS_01,2,R-SFG,MC-MoCo,-16.643,0.433,23.162
MS_01,2,R-SFG,MCFLIRT,-17.167,0.782,22.593
MS_01,2,R-SFG,Pre-MoCo,-16.767,0.705,21.450
MS_01,3,L-MFG,MC-MoCo,22.164,67.579,-6.959
MS_01,3,L-MFG,MCFLIRT,21.551,67.776,-6.390
MS_01,3,L-MFG,Pre-MoCo,21.056,67.971,-6.574
MS_01,3,LR-SCCG,MC-MoCo,0.570,24.320,-29.594
MS_01,3,LR-SCCG,MCFLIRT,0.410,24.686,-29.969
MS_01,3,LR-SCCG,Pre-MoCo,0.327,24.744,-29.817
MS_01,3,R-PCG,MC-MoCo,-26.994,20.181,-0.448
MS_01,3,R-PCG,MCFLIRT,-26.537,19.658,-0.313
MS_01,3,R-PCG,Pre-MoCo,-26.706,19.697,-0.597
MS_01,3,R-SFG,MC-MoCo,-16.354,0.361,22.919
MS_01,3,R-SFG,MCFLIRT,-17.472,0.615,22.162
MS_01,3,R-SFG,Pre-MoCo,-16.652,0.970,21.583
MS_01,4,L-MFG,MC-MoCo,21.856,67.579,-6.959
MS_01,4,L-MFG,MCFLIRT,21.332,67.172,-6.390
MS_01,4,L-MFG,Pre-MoCo,20.616,67.531,-6.942
MS_01,4,LR-SCCG,MC-MoCo,0.825,24.320,-29.594
MS_01,4,LR-SCCG,MCFLIRT,0.366,24.662,-29.820
MS_01,4,LR-SCCG,Pre-MoCo,-0.135,24.728,-30.082
MS_01,4,R-PCG,MC-MoCo,-26.994,19.923,-0.620
MS_01,4,R-PCG,MCFLIRT,-26.537,19.513,-0.507
MS_01,4,R-PCG,Pre-MoCo,-27.320,19.541,-0.727
MS_01,4,R-SFG,MC-MoCo,-16.574,0.801,22.919
MS_01,4,R-SFG,MCFLIRT,-17.858,0.467,22.593
MS_01,4,R-SFG,Pre-MoCo,-16.998,0.346,21.450
MS_01,5,L-MFG,MC-MoCo,21.779,67.579,-6.729
MS_01,5,L-MFG,MCFLIRT,21.112,66.953,-6.390
MS_01,5,L-MFG,Pre-MoCo,20.616,67.824,-6.688
MS_01,5,LR-SCCG,MC-MoCo,0.761,24.489,-29.666
MS_01,5,LR-SCCG,MCFLIRT,0.271,25.105,-29.969
MS_01,5,LR-SCCG,Pre-MoCo,0.327,24.744,-29.152
MS_01,5,R-PCG,MC-MoCo,-26.964,20.219,-0.838
MS_01,5,R-PCG,MCFLIRT,-26.874,19.284,-0.405
MS_01,5,R-PCG,Pre-MoCo,-27.934,19.746,-0.727
MS_01,5,R-SFG,MC-MoCo,-16.794,0.581,22.919
MS_01,5,R-SFG,MCFLIRT,-18.218,0.286,22.593
MS_01,5,R-SFG,Pre-MoCo,-17.575,0.306,21.450
MS_02,1,L-MFG,MC-MoCo,120.983,163.996,113.965
MS_02,1,L-MFG,MCFLIRT,120.820,164.019,114.530
MS_02,1,L-MFG,Pre-MoCo,120.988,164.868,113.011
MS_02,1,LR-SCCG,MC-MoCo,103.047,129.868,76.000
MS_02,1,LR-SCCG,MCFLIRT,101.982,130.107,76.983
MS_02,1,LR-SCCG,Pre-MoCo,102.185,129.777,75.895
MS_02,1,R-PCG,MC-MoCo,54.887,122.957,93.993
MS_02,1,R-PCG,MCFLIRT,54.934,123.425,94.997
MS_02,1,R-PCG,Pre-MoCo,54.993,122.948,94.012
MS_02,1,R-SFG,MC-MoCo,113.032,97.985,129.969
MS_02,1,R-SFG,MCFLIRT,112.946,98.018,129.966
MS_02,1,R-SFG,Pre-MoCo,112.919,98.919,129.972
MS_02,2,L-MFG,MC-MoCo,120.983,164.020,113.639
MS_02,2,L-MFG,MCFLIRT,120.855,162.898,114.987
MS_02,2,L-MFG,Pre-MoCo,120.988,163.909,113.963
MS_02,2,LR-SCCG,MC-MoCo,103.047,129.992,76.000
MS_02,2,LR-SCCG,MCFLIRT,102.840,130.042,76.983
MS_02,2,LR-SCCG,Pre-MoCo,103.045,129.605,75.895
MS_02,2,R-PCG,MC-MoCo,54.913,123.026,93.920
MS_02,2,R-PCG,MCFLIRT,54.934,122.998,94.530
MS_02,2,R-PCG,Pre-MoCo,54.993,123.855,93.032
MS_02,2,R-SFG,MC-MoCo,113.000,97.985,129.483
MS_02,2,R-SFG,MCFLIRT,112.946,96.998,129.112
MS_02,2,R-SFG,Pre-MoCo,112.919,97.919,129.030
MS_02,3,L-MFG,MC-MoCo,120.950,164.020,113.721
MS_02,3,L-MFG,MCFLIRT,121.521,163.038,115.009
MS_02,3,L-MFG,Pre-MoCo,120.988,162.895,114.864
MS_02,3,LR-SCCG,MC-MoCo,102.923,129.868,76.000
MS_02,3,LR-SCCG,MCFLIRT,102.415,130.040,76.921
MS_02,3,LR-SCCG,Pre-MoCo,102.929,129.605,77.045
MS_02,3,R-PCG,MC-MoCo,54.913,123.158,93.920
MS_02,3,R-PCG,MCFLIRT,54.716,122.998,95.347
MS_02,3,R-PCG,Pre-MoCo,54.446,123.855,94.385
MS_02,3,R-SFG,MC-MoCo,113.071,97.948,129.580
MS_02,3,R-SFG,MCFLIRT,112.975,97.152,129.676
MS_02,3,R-SFG,Pre-MoCo,112.919,96.898,129.108
MS_02,4,L-MFG,MC-MoCo,121.220,163.764,113.601
MS_02,4,L-MFG,MCFLIRT,121.485,163.450,114.530
MS_02,4,L-MFG,Pre-MoCo,121.979,163.795,114.864
MS_02,4,LR-SCCG,MC-MoCo,103.005,129.827,76.000
MS_02,4,LR-SCCG,MCFLIRT,102.482,129.154,76.987
MS_02,4,LR-SCCG,Pre-MoCo,102.929,129.517,77.820
MS_02,4,R-PCG,MC-MoCo,54.887,122.973,93.920
MS_02,4,R-PCG,MCFLIRT,55.052,122.998,95.897
MS_02,4,R-PCG,Pre-MoCo,54.846,124.125,94.946
MS_02,4,R-SFG,MC-MoCo,113.453,98.308,129.370
MS_02,4,R-SFG,MCFLIRT,112.360,97.130,129.551
MS_02,4,R-SFG,Pre-MoCo,112.955,96.830,130.012
MS_02,5,L-MFG,MC-MoCo,120.990,163.835,113.601
MS_02,5,L-MFG,MCFLIRT,122.082,163.073,114.530
MS_02,5,L-MFG,Pre-MoCo,121.855,162.929,114.864
MS_02,5,LR-SCCG,MC-MoCo,103.005,129.703,76.000
MS_02,5,LR-SCCG,MCFLIRT,102.880,129.154,76.887
MS_02,5,LR-SCCG,Pre-MoCo,102.030,129.266,77.519
MS_02,5,R-PCG,MC-MoCo,54.887,122.885,93.957
MS_02,5,R-PCG,MCFLIRT,55.052,123.439,95.470
MS_02,5,R-PCG,Pre-MoCo,55.406,123.268,95.586
MS_02,5,R-SFG,MC-MoCo,113.480,97.994,129.639
MS_02,5,R-SFG,MCFLIRT,112.846,97.851,129.342
MS_02,5,R-SFG,Pre-MoCo,112.919,97.841,130.012
MS_03,1,L-MFG,MC-MoCo,126.954,175.016,95.009
MS_03,1,L-MFG,MCFLIRT,126.952,174.979,94.960
MS_03,1,L-MFG,Pre-MoCo,125.996,174.070,93.970
MS_03,1,LR-SCCG,MC-MoCo,99.144,140.872,66.017
MS_03,1,LR-SCCG,MCFLIRT,98.905,141.978,66.106
MS_03,1,LR-SCCG,Pre-MoCo,98.925,141.011,66.198
MS_03,1,R-PCG,MC-MoCo,56.264,93.974,88.027
MS_03,1,R-PCG,MCFLIRT,55.972,93.907,88.037
MS_03,1,R-PCG,Pre-MoCo,55.956,93.975,88.107
MS_03,1,R-SFG,MC-MoCo,108.938,121.925,119.882
MS_03,1,R-SFG,MCFLIRT,108.964,121.979,119.961
MS_03,1,R-SFG,Pre-MoCo,108.968,121.918,120.136
MS_03,2,L-MFG,MC-MoCo,126.653,175.016,95.009
MS_03,2,L-MFG,MCFLIRT,125.956,174.979,94.912
MS_03,2,L-MFG,Pre-MoCo,125.996,174.626,94.788
MS_03,2,LR-SCCG,MC-MoCo,99.105,140.924,66.360
MS_03,2,LR-SCCG,MCFLIRT,98.994,140.884,66.447
MS_03,2,LR-SCCG,Pre-MoCo,98.925,140.964,66.963
MS_03,2,R-PCG,MC-MoCo,56.392,93.974,88.027
MS_03,2,R-PCG,MCFLIRT,55.972,93.024,87.989
MS_03,2,R-PCG,Pre-MoCo,56.776,93.975,88.010
MS_03,2,R-SFG,MC-MoCo,108.940,121.941,119.882
MS_03,2,R-SFG,MCFLIRT,108.964,121.047,119.961
MS_03,2,R-SFG,Pre-MoCo,108.919,121.195,120.136
MS_03,3,L-MFG,MC-MoCo,126.696,174.931,95.009
MS_03,3,L-MFG,MCFLIRT,125.956,174.693,95.676
MS_03,3,L-MFG,Pre-MoCo,125.820,174.986,95.401
MS_03,3,LR-SCCG,MC-MoCo,99.105,141.345,66.405
MS_03,3,LR-SCCG,MCFLIRT,98.963,141.462,66.790
MS_03,3,LR-SCCG,Pre-MoCo,98.982,141.980,67.026
MS_03,3,R-PCG,MC-MoCo,56.350,94.103,88.027
MS_03,3,R-PCG,MCFLIRT,55.972,93.525,87.178
MS_03,3,R-PCG,Pre-MoCo,56.776,93.898,87.129
MS_03,3,R-SFG,MC-MoCo,108.699,121.941,120.027
MS_03,3,R-SFG,MCFLIRT,108.964,121.240,120.411
MS_03,3,R-SFG,Pre-MoCo,108.919,121.749,119.252
MS_03,4,L-MFG,MC-MoCo,127.083,175.217,94.982
MS_03,4,L-MFG,MCFLIRT,125.956,175.839,96.011
MS_03,4,L-MFG,Pre-MoCo,126.958,175.581,95.941
MS_03,4,LR-SCCG,MC-MoCo,99.105,140.989,66.664
MS_03,4,LR-SCCG,MCFLIRT,98.963,142.082,67.172
MS_03,4,LR-SCCG,Pre-MoCo,98.982,141.994,67.930
MS_03,4,R-PCG,MC-MoCo,56.478,93.974,88.027
MS_03,4,R-PCG,MCFLIRT,56.858,94.124,87.178
MS_03,4,R-PCG,Pre-MoCo,56.776,92.920,88.009
MS_03,4,R-SFG,MC-MoCo,108.981,121.941,120.027
MS_03,4,R-SFG,MCFLIRT,108.964,121.079,121.086
MS_03,4,R-SFG,Pre-MoCo,108.919,120.877,120.758
MS_03,5,L-MFG,MC-MoCo,127.083,174.843,94.982
MS_03,5,L-MFG,MCFLIRT,126.553,175.839,96.642
MS_03,5,L-MFG,Pre-MoCo,126.945,175.775,98.037
MS_03,5,LR-SCCG,MC-MoCo,99.202,141.338,66.664
MS_03,5,LR-SCCG,MCFLIRT,98.963,142.560,67.554
MS_03,5,LR-SCCG,Pre-MoCo,98.982,142.461,68.398
MS_03,5,R-PCG,MC-MoCo,56.221,93.888,88.027
MS_03,5,R-PCG,MCFLIRT,56.927,92.855,87.989
MS_03,5,R-PCG,Pre-MoCo,55.886,92.920,87.970
MS_03,5,R-SFG,MC-MoCo,108.847,121.941,120.125
MS_03,5,R-SFG,MCFLIRT,108.183,120.809,119.929
MS_03,5,R-SFG,Pre-MoCo,107.955,120.957,119.965
MS_04,1,L-MFG,MC-MoCo,142.917,164.053,86.987
MS_04,1,L-MFG,MCFLIRT,142.909,164.121,86.909
MS_04,1,L-MFG,Pre-MoCo,142.844,163.935,86.994
MS_04,1,LR-SCCG,MC-MoCo,98.893,160.475,62.549
MS_04,1,LR-SCCG,MCFLIRT,98.939,160.103,61.987
MS_04,1,LR-SCCG,Pre-MoCo,98.964,161.156,62.941
MS_04,1,R-PCG,MC-MoCo,45.933,121.937,95.962
MS_04,1,R-PCG,MCFLIRT,46.009,122.012,96.039
MS_04,1,R-PCG,Pre-MoCo,45.986,121.971,96.045
MS_04,1,R-SFG,MC-MoCo,98.975,156.013,119.027
MS_04,1,R-SFG,MCFLIRT,99.184,155.855,118.676
MS_04,1,R-SFG,Pre-MoCo,98.902,155.959,118.952
MS_04,2,L-MFG,MC-MoCo,142.917,164.042,86.983
MS_04,2,L-MFG,MCFLIRT,142.909,164.996,86.988
MS_04,2,L-MFG,Pre-MoCo,143.962,164.873,86.994
MS_04,2,LR-SCCG,MC-MoCo,98.893,160.475,62.503
MS_04,2,LR-SCCG,MCFLIRT,98.939,160.183,62.671
MS_04,2,LR-SCCG,Pre-MoCo,98.853,161.380,63.951
MS_04,2,R-PCG,MC-MoCo,45.933,121.937,95.923
MS_04,2,R-PCG,MCFLIRT,46.900,122.012,96.063
MS_04,2,R-PCG,Pre-MoCo,46.996,122.991,95.955
MS_04,2,R-SFG,MC-MoCo,99.008,156.013,118.995
MS_04,2,R-SFG,MCFLIRT,99.025,154.944,119.076
MS_04,2,R-SFG,Pre-MoCo,99.640,155.417,118.133
MS_04,3,L-MFG,MC-MoCo,142.917,164.179,87.029
MS_04,3,L-MFG,MCFLIRT,143.878,164.957,87.010
MS_04,3,L-MFG,Pre-MoCo,143.962,164.002,88.000
MS_04,3,LR-SCCG,MC-MoCo,98.893,160.452,62.549
MS_04,3,LR-SCCG,MCFLIRT,98.939,160.827,62.953
MS_04,3,LR-SCCG,Pre-MoCo,98.863,161.803,64.961
MS_04,3,R-PCG,MC-MoCo,45.933,121.780,95.884
MS_04,3,R-PCG,MCFLIRT,45.957,121.130,96.063
MS_04,3,R-PCG,Pre-MoCo,45.807,121.156,95.909
MS_04,3,R-SFG,MC-MoCo,98.975,155.952,118.963
MS_04,3,R-SFG,MCFLIRT,97.779,154.841,119.076
MS_04,3,R-SFG,Pre-MoCo,98.053,156.022,118.926
MS_04,4,L-MFG,MC-MoCo,142.917,164.133,86.961
MS_04,4,L-MFG,MCFLIRT,143.909,164.957,87.903
MS_04,4,L-MFG,Pre-MoCo,142.873,164.863,88.000
MS_04,4,LR-SCCG,MC-MoCo,98.893,160.452,62.549
MS_04,4,LR-SCCG,MCFLIRT,98.372,160.827,63.655
MS_04,4,LR-SCCG,Pre-MoCo,98.863,161.803,65.466
MS_04,4,R-PCG,MC-MoCo,45.933,121.819,95.923
MS_04,4,R-PCG,MCFLIRT,46.061,121.078,95.155
MS_04,4,R-PCG,Pre-MoCo,47.927,122.836,95.955
MS_04,4,R-SFG,MC-MoCo,99.006,155.968,118.963
MS_04,4,R-SFG,MCFLIRT,97.569,154.841,118.539
MS_04,4,R-SFG,Pre-MoCo,99.640,154.802,118.046
MS_04,5,L-MFG,MC-MoCo,142.917,164.088,86.938
MS_04,5,L-MFG,MCFLIRT,144.437,164.855,86.855
MS_04,5,L-MFG,Pre-MoCo,143.962,163.968,89.039
MS_04,5,LR-SCCG,MC-MoCo,98.893,160.452,62.549
MS_04,5,LR-SCCG,MCFLIRT,98.372,161.149,64.240
MS_04,5,LR-SCCG,Pre-MoCo,97.954,161.803,66.173
MS_04,5,R-PCG,MC-MoCo,45.933,121.819,95.844
MS_04,5,R-PCG,MCFLIRT,45.947,121.130,94.520
MS_04,5,R-PCG,Pre-MoCo,45.986,120.096,95.219
MS_04,5,R-SFG,MCFLIRT,97.294,154.841,118.631
MS_04,5,R-SFG,Pre-MoCo,97.874,154.594,118.940
MS_05,1,L-MFG,MC-MoCo,40.797,46.982,18.793
MS_05,1,L-MFG,MCFLIRT,40.863,47.214,19.677
MS_05,1,L-MFG,Pre-MoCo,40.820,47.610,18.563
MS_05,1,LR-SCCG,MC-MoCo,4.913,30.479,-23.207
MS_05,1,LR-SCCG,MCFLIRT,4.928,30.558,-22.632
MS_05,1,LR-SCCG,Pre-MoCo,5.085,30.825,-23.469
MS_05,1,R-PCG,MC-MoCo,-36.386,2.043,6.509
MS_05,1,R-PCG,MCFLIRT,-36.729,1.364,6.927
MS_05,1,R-PCG,Pre-MoCo,-35.251,1.478,6.397
MS_05,1,R-SFG,MC-MoCo,-9.009,56.333,24.576
MS_05,1,R-SFG,MCFLIRT,-7.993,56.092,24.640
MS_05,1,R-SFG,Pre-MoCo,-8.747,56.935,22.968
MS_05,2,L-MFG,MC-MoCo,40.774,47.341,18.683
MS_05,2,L-MFG,MCFLIRT,40.863,46.807,19.728
MS_05,2,L-MFG,Pre-MoCo,40.372,46.894,18.981
MS_05,2,LR-SCCG,MC-MoCo,4.913,30.604,-23.207
MS_05,2,LR-SCCG,MCFLIRT,4.987,30.241,-22.628
MS_05,2,LR-SCCG,Pre-MoCo,4.709,30.438,-22.795
MS_05,2,R-PCG,MC-MoCo,-36.330,1.659,6.696
MS_05,2,R-PCG,MCFLIRT,-36.967,1.268,6.867
MS_05,2,R-PCG,Pre-MoCo,-36.381,1.390,6.750
MS_05,2,R-SFG,MC-MoCo,-8.983,56.444,24.277
MS_05,2,R-SFG,MCFLIRT,-8.189,55.798,24.723
MS_05,2,R-SFG,Pre-MoCo,-8.782,56.302,23.929
MS_05,3,L-MFG,MC-MoCo,40.774,47.231,18.683
MS_05,3,L-MFG,MCFLIRT,40.863,46.603,19.423
MS_05,3,L-MFG,Pre-MoCo,40.715,46.374,19.193
MS_05,3,LR-SCCG,MC-MoCo,4.788,30.228,-23.207
MS_05,3,LR-SCCG,MCFLIRT,4.570,29.949,-22.513
MS_05,3,LR-SCCG,Pre-MoCo,4.709,29.877,-22.001
MS_05,3,R-PCG,MC-MoCo,-36.386,1.604,6.619
MS_05,3,R-PCG,MCFLIRT,-37.265,0.691,6.867
MS_05,3,R-PCG,Pre-MoCo,-36.452,0.431,7.985
MS_05,3,R-SFG,MC-MoCo,-8.828,56.424,24.277
MS_05,3,R-SFG,MCFLIRT,-8.189,55.701,24.723
MS_05,3,R-SFG,Pre-MoCo,-8.782,55.459,24.491
MS_05,4,L-MFG,MC-MoCo,40.774,47.560,18.574
MS_05,4,L-MFG,MCFLIRT,40.863,46.348,19.372
MS_05,4,L-MFG,Pre-MoCo,40.715,46.246,19.703
MS_05,4,LR-SCCG,MC-MoCo,4.663,30.228,-23.207
MS_05,4,LR-SCCG,MCFLIRT,4.570,30.177,-21.977
MS_05,4,LR-SCCG,Pre-MoCo,4.566,30.328,-20.534
MS_05,4,R-PCG,MC-MoCo,-36.386,1.823,6.948
MS_05,4,R-PCG,MCFLIRT,-37.444,0.691,6.688
MS_05,4,R-PCG,Pre-MoCo,-36.381,0.508,9.044
MS_05,4,R-SFG,MC-MoCo,-8.828,56.515,24.496
MS_05,4,R-SFG,MCFLIRT,-8.189,55.930,24.978
MS_05,4,R-SFG,Pre-MoCo,-8.782,55.740,24.210
MS_05,5,L-MFG,MC-MoCo,40.774,47.341,18.793
MS_05,5,L-MFG,MCFLIRT,40.446,46.692,19.441
MS_05,5,L-MFG,Pre-MoCo,40.372,46.756,20.213
MS_05,5,LR-SCCG,MC-MoCo,4.788,30.239,-23.256
MS_05,5,LR-SCCG,MCFLIRT,4.510,30.190,-21.812
MS_05,5,LR-SCCG,Pre-MoCo,4.302,31.006,-20.308
MS_05,5,R-PCG,MC-MoCo,-36.105,1.714,6.619
MS_05,5,R-PCG,MCFLIRT,-38.695,1.386,6.629
MS_05,5,R-PCG,Pre-MoCo,-36.452,-0.375,8.868
MS_05,5,R-SFG,MC-MoCo,-8.647,56.515,24.496
MS_05,5,R-SFG,MCFLIRT,-8.629,55.994,25.043
MS_05,5,R-SFG,Pre-MoCo,-8.309,55.740,26.178
MS_06,1,L-MFG,MC-MoCo,143.010,157.127,95.039
MS_06,1,L-MFG,MCFLIRT,144.034,156.964,94.927
MS_06,1,L-MFG,Pre-MoCo,143.926,157.040,94.935
MS_06,1,LR-SCCG,MC-MoCo,102.982,151.030,64.042
MS_06,1,LR-SCCG,MCFLIRT,103.047,151.055,63.841
MS_06,1,LR-SCCG,Pre-MoCo,103.939,150.980,64.031
MS_06,1,R-PCG,MC-MoCo,63.967,106.237,95.016
MS_06,1,R-PCG,MCFLIRT,64.044,106.940,95.017
MS_06,1,R-PCG,Pre-MoCo,64.012,106.969,94.966
MS_06,1,R-SFG,MC-MoCo,89.023,132.991,127.919
MS_06,1,R-SFG,MCFLIRT,89.015,134.055,127.975
MS_06,1,R-SFG,Pre-MoCo,89.096,133.892,127.948
MS_06,2,L-MFG,MC-MoCo,143.010,157.092,95.011
MS_06,2,L-MFG,MCFLIRT,144.034,156.915,95.460
MS_06,2,L-MFG,Pre-MoCo,143.950,156.045,94.869
MS_06,2,LR-SCCG,MC-MoCo,102.982,151.090,63.681
MS_06,2,LR-SCCG,MCFLIRT,103.047,151.011,63.074
MS_06,2,LR-SCCG,Pre-MoCo,103.087,151.065,63.691
MS_06,2,R-PCG,MC-MoCo,63.967,106.340,94.936
MS_06,2,R-PCG,MCFLIRT,62.978,105.955,95.017
MS_06,2,R-PCG,Pre-MoCo,62.973,105.931,94.966
MS_06,2,R-SFG,MC-MoCo,89.023,133.156,127.327
MS_06,2,R-SFG,MCFLIRT,89.015,133.114,127.975
MS_06,2,R-SFG,Pre-MoCo,89.096,133.019,126.992
MS_06,3,L-MFG,MC-MoCo,143.154,157.127,95.111
MS_06,3,L-MFG,MCFLIRT,144.114,157.621,95.681
MS_06,3,L-MFG,Pre-MoCo,143.950,154.918,94.869
MS_06,3,LR-SCCG,MC-MoCo,102.982,151.030,63.952
MS_06,3,LR-SCCG,MCFLIRT,103.047,150.967,63.841
MS_06,3,LR-SCCG,Pre-MoCo,103.945,150.266,64.145
MS_06,3,R-PCG,MC-MoCo,63.967,106.153,94.674
MS_06,3,R-PCG,MCFLIRT,63.590,105.955,94.531
MS_06,3,R-PCG,Pre-MoCo,63.937,105.931,93.966
MS_06,3,R-SFG,MC-MoCo,89.311,133.449,127.327
MS_06,3,R-SFG,MCFLIRT,89.015,133.076,127.636
MS_06,3,R-SFG,Pre-MoCo,89.915,132.977,126.451
MS_06,4,L-MFG,MC-MoCo,143.118,157.127,95.003
MS_06,4,L-MFG,MCFLIRT,144.034,156.964,95.969
MS_06,4,L-MFG,Pre-MoCo,143.379,154.852,94.537
MS_06,4,LR-SCCG,MC-MoCo,102.982,151.120,63.892
MS_06,4,LR-SCCG,MCFLIRT,103.061,150.968,63.841
MS_06,4,LR-SCCG,Pre-MoCo,102.945,150.089,64.145
MS_06,4,R-PCG,MC-MoCo,63.967,106.415,94.711
MS_06,4,R-PCG,MCFLIRT,64.079,105.864,94.952
MS_06,4,R-PCG,Pre-MoCo,64.289,105.931,93.535
MS_06,4,R-SFG,MC-MoCo,89.188,133.449,127.573
MS_06,4,R-SFG,MCFLIRT,89.015,132.850,128.201
MS_06,4,R-SFG,Pre-MoCo,88.800,132.187,126.326
MS_06,5,L-MFG,MC-MoCo,143.118,157.127,95.039
MS_06,5,L-MFG,MCFLIRT,144.449,156.964,95.681
MS_06,5,L-MFG,Pre-MoCo,142.932,154.852,93.841
MS_06,5,LR-SCCG,MC-MoCo,102.982,151.000,63.922
MS_06,5,LR-SCCG,MCFLIRT,103.833,151.055,63.841
MS_06,5,LR-SCCG,Pre-MoCo,103.513,150.089,63.066
MS_06,5,R-PCG,MC-MoCo,63.967,106.078,94.899
MS_06,5,R-PCG,MCFLIRT,63.893,106.962,94.952
MS_06,5,R-PCG,Pre-MoCo,63.970,104.934,94.006
MS_06,5,R-SFG,MC-MoCo,89.175,133.438,127.573
MS_06,5,R-SFG,MCFLIRT,89.015,132.963,127.071
MS_06,5,R-SFG,Pre-MoCo,88.988,131.976,125.206
MS_07,1,L-MFG,MC-MoCo,137.997,179.911,92.129
MS_07,1,L-MFG,MCFLIRT,137.995,180.108,92.031
MS_07,1,L-MFG,Pre-MoCo,138.074,179.706,91.881
MS_07,1,LR-SCCG,MC-MoCo,104.022,145.036,65.938
MS_07,1,LR-SCCG,MCFLIRT,103.950,144.935,65.055
MS_07,1,LR-SCCG,Pre-MoCo,104.971,145.188,65.033
MS_07,1,R-PCG,MC-MoCo,60.985,151.948,84.919
MS_07,1,R-PCG,MCFLIRT,61.115,151.992,85.935
MS_07,1,R-PCG,Pre-MoCo,61.926,152.047,84.977
MS_07,1,R-SFG,MC-MoCo,133.015,137.948,122.001
MS_07,1,R-SFG,MCFLIRT,131.963,137.093,122.925
MS_07,1,R-SFG,Pre-MoCo,132.980,138.082,122.032
MS_07,2,L-MFG,MC-MoCo,137.997,179.947,92.129
MS_07,2,L-MFG,MCFLIRT,138.033,179.534,91.983
MS_07,2,L-MFG,Pre-MoCo,137.495,179.706,91.918
MS_07,2,LR-SCCG,MC-MoCo,104.022,145.007,65.938
MS_07,2,LR-SCCG,MCFLIRT,104.371,144.935,64.634
MS_07,2,LR-SCCG,Pre-MoCo,103.932,144.985,65.340
MS_07,2,R-PCG,MC-MoCo,61.335,151.948,84.919
MS_07,2,R-PCG,MCFLIRT,60.755,151.077,86.025
MS_07,2,R-PCG,Pre-MoCo,60.903,152.006,84.977
MS_07,2,R-SFG,MC-MoCo,132.994,137.995,122.001
MS_07,2,R-SFG,MCFLIRT,131.963,137.068,122.468
MS_07,2,R-SFG,Pre-MoCo,132.628,137.627,122.032
MS_07,3,L-MFG,MC-MoCo,137.961,179.947,92.129
MS_07,3,L-MFG,MCFLIRT,137.481,179.065,91.963
MS_07,3,L-MFG,Pre-MoCo,137.791,179.706,92.918
MS_07,3,LR-SCCG,MC-MoCo,104.022,144.921,65.938
MS_07,3,LR-SCCG,MCFLIRT,103.992,144.004,64.634
MS_07,3,LR-SCCG,Pre-MoCo,103.971,144.985,65.917
MS_07,3,R-PCG,MC-MoCo,61.116,151.904,84.919
MS_07,3,R-PCG,MCFLIRT,60.851,151.253,84.983
MS_07,3,R-PCG,Pre-MoCo,60.903,151.511,85.510
MS_07,3,R-SFG,MC-MoCo,132.994,138.041,122.001
MS_07,3,R-SFG,MCFLIRT,131.949,137.042,122.351
MS_07,3,R-SFG,Pre-MoCo,132.478,136.984,122.920
MS_07,4,L-MFG,MC-MoCo,137.997,179.911,92.129
MS_07,4,L-MFG,MCFLIRT,137.481,179.044,91.911
MS_07,4,L-MFG,Pre-MoCo,137.037,179.764,93.578
MS_07,4,LR-SCCG,MC-MoCo,104.022,145.036,65.938
MS_07,4,LR-SCCG,MCFLIRT,103.951,143.963,64.601
MS_07,4,LR-SCCG,Pre-MoCo,103.317,144.985,66.572
MS_07,4,R-PCG,MC-MoCo,61.072,151.861,84.919
MS_07,4,R-PCG,MCFLIRT,61.662,151.316,84.983
MS_07,4,R-PCG,Pre-MoCo,60.903,150.941,84.940
MS_07,4,R-SFG,MC-MoCo,132.947,137.901,122.001
MS_07,4,R-SFG,MCFLIRT,131.963,136.560,122.264
MS_07,4,R-SFG,Pre-MoCo,131.980,136.929,122.920
MS_07,5,L-MFG,MC-MoCo,137.855,179.947,92.129
MS_07,5,L-MFG,MCFLIRT,137.481,179.360,92.780
MS_07,5,L-MFG,Pre-MoCo,137.037,178.866,93.819
MS_07,5,LR-SCCG,MC-MoCo,104.022,145.093,65.967
MS_07,5,LR-SCCG,MCFLIRT,103.495,144.583,64.601
MS_07,5,LR-SCCG,Pre-MoCo,103.894,144.985,66.802
MS_07,5,R-PCG,MC-MoCo,61.072,151.861,84.919
MS_07,5,R-PCG,MCFLIRT,61.662,151.824,85.017
MS_07,5,R-PCG,Pre-MoCo,60.970,150.614,85.863
MS_07,5,R-SFG,MC-MoCo,132.947,137.995,122.001
MS_07,5,R-SFG,MCFLIRT,131.898,137.042,121.759
MS_07,5,R-SFG,Pre-MoCo,133.176,137.029,122.920
